{"9.5W":{"4-2020":3376.7778,"3-2020":4110,"2-2020":3216.8065,"1-2020":3673.9910999999997,"12-2019":4617},"7.5W":{"4-2020":5653.0718,"3-2020":4163,"2-2020":7565.4092,"1-2020":3761,"12-2019":5192.9787},"9W":{"4-2020":4160.166,"3-2020":3672,"2-2020":4755.4538,"1-2020":5958.0821,"12-2019":5610},"10W":{"4-2020":4796.1741,"3-2020":4071.2843000000003,"2-2020":2235,"1-2020":3731.3999,"12-2019":4124.5776000000005},"8W":{"4-2020":3501,"3-2020":5804.9265,"2-2020":8425,"1-2020":8382,"12-2019":8388.002},"8.5W":{"4-2020":5176,"3-2020":5163.3992,"2-2020":6653.436900000001,"1-2020":7122,"12-2019":5180},"7W":{"4-2020":3235,"3-2020":3780,"2-2020":6328.527700000001,"1-2020":4999,"12-2019":5426},"11W":{"4-2020":2611.0018999999998,"3-2020":2572.4008000000003,"2-2020":4613.6169,"1-2020":4585.623699999999,"12-2019":7216.229199999999},"11.5W":{"4-2020":2358,"3-2020":2814.3878999999997,"2-2020":4087.3644,"1-2020":5107.735500000001,"12-2019":3573.3463},"5.5W":{"4-2020":3168.2947,"3-2020":1654,"2-2020":2409,"1-2020":1869,"12-2019":1331.6204},"12.5W":{"4-2020":1789.8713,"3-2020":2050.9571,"2-2020":1887.2907,"1-2020":3050.5397000000003,"12-2019":2391.5693},"10.5W":{"4-2020":1995.0126,"3-2020":2145.2865,"2-2020":3081.5216,"1-2020":3495.9853,"12-2019":4633.0172},"6.5W":{"4-2020":2463.9728,"3-2020":3059.5638,"2-2020":3842.3806,"1-2020":3155,"12-2019":3139.2833},"6W":{"4-2020":2122.2262,"3-2020":3016,"2-2020":1285,"1-2020":2773,"12-2019":2677},"13.5W":{"4-2020":903,"3-2020":1198,"2-2020":844.4771000000001,"1-2020":1101.142,"12-2019":1332},"5W":{"4-2020":1678.096,"3-2020":1543,"2-2020":1161,"1-2020":742,"12-2019":786},"12W":{"4-2020":1896.4618,"3-2020":3386.2146,"2-2020":4426.051299999999,"1-2020":3504.7088,"12-2019":5886.2443},"13W":{"4-2020":1889.6755,"3-2020":380,"2-2020":1016,"1-2020":1170.0735,"12-2019":1447},"14W":{"4-2020":348.7724,"3-2020":773,"2-2020":1122,"1-2020":333,"12-2019":795},"14.5W":{"3-2020":558,"2-2020":625,"1-2020":1596,"12-2019":1022},"15.5W":{"3-2020":150,"2-2020":271,"1-2020":177},"16.5W":{"1-2020":617.2888,"12-2019":319}}